temp_f,humidity,wind,city,timestamp
63.11,44,5.12,Houston,2025-04-05T08:19:00Z
65.46,56,5.04,Phoenix,2025-04-04T08:19:00Z
77.32,52,9.63,Chicago,2025-04-03T08:19:00Z
99.79,56,7.64,Phoenix,2025-04-02T08:19:00Z
91.77,82,9.46,Los Angeles,2025-04-01T08:19:00Z
55.82,81,16.26,New York,2025-03-31T08:19:00Z
81.68,45,7.91,Chicago,2025-03-30T08:19:00Z
74.88,41,9.29,Los Angeles,2025-03-29T08:19:00Z
90.0,86,18.81,New York,2025-03-28T08:19:00Z
69.33,36,3.26,Chicago,2025-03-27T08:19:00Z
98.79,69,5.29,Chicago,2025-03-26T08:19:00Z
60.9,36,17.01,Houston,2025-03-25T08:19:00Z
91.5,48,0.67,Los Angeles,2025-03-24T08:19:00Z
77.64,44,1.86,Houston,2025-03-23T08:19:00Z
70.28,38,15.45,Houston,2025-03-22T08:19:00Z
73.21,60,19.75,Houston,2025-03-21T08:19:00Z
89.76,62,2.62,Houston,2025-03-20T08:19:00Z
57.63,81,0.4,Houston,2025-03-19T08:19:00Z
71.55,35,3.66,Houston,2025-03-18T08:19:00Z
55.65,34,6.64,Chicago,2025-03-17T08:19:00Z
96.35,75,3.52,Phoenix,2025-03-16T08:19:00Z
81.8,61,1.2,Houston,2025-03-15T08:19:00Z
70.36,51,2.08,Los Angeles,2025-03-14T08:19:00Z
72.54,47,10.84,Los Angeles,2025-03-13T08:19:00Z
70.28,82,19.72,Los Angeles,2025-03-12T08:19:00Z
61.41,58,1.55,Los Angeles,2025-03-11T08:19:00Z
51.44,44,14.89,Phoenix,2025-03-10T08:19:00Z
75.8,34,2.48,Los Angeles,2025-03-09T08:19:00Z
53.97,49,17.65,Los Angeles,2025-03-08T08:19:00Z
94.87,54,16.86,Los Angeles,2025-03-07T08:19:00Z
81.01,63,16.45,Phoenix,2025-03-06T08:19:00Z
78.83,47,14.87,Houston,2025-03-05T08:19:00Z
63.07,36,15.3,Los Angeles,2025-03-04T08:19:00Z
62.13,85,18.37,Phoenix,2025-03-03T08:19:00Z
85.27,37,15.16,Los Angeles,2025-03-02T08:19:00Z
56.39,48,15.72,New York,2025-03-01T08:19:00Z
96.95,44,5.21,Houston,2025-02-28T08:19:00Z
58.42,35,4.7,Los Angeles,2025-02-27T08:19:00Z
69.05,89,18.92,Houston,2025-02-26T08:19:00Z
90.65,36,4.86,Phoenix,2025-02-25T08:19:00Z
66.92,60,14.67,Phoenix,2025-02-24T08:19:00Z
69.98,51,18.38,Los Angeles,2025-02-23T08:19:00Z
56.67,64,6.4,New York,2025-02-22T08:19:00Z
84.95,38,7.0,Houston,2025-02-21T08:19:00Z
89.56,59,15.01,Houston,2025-02-20T08:19:00Z
81.22,53,9.93,Houston,2025-02-19T08:19:00Z
86.55,40,11.1,Los Angeles,2025-02-18T08:19:00Z
71.43,43,1.4,New York,2025-02-17T08:19:00Z
82.72,75,0.7,Los Angeles,2025-02-16T08:19:00Z
50.44,69,10.39,Phoenix,2025-02-15T08:19:00Z
69.23,77,8.72,Phoenix,2025-02-14T08:19:00Z
54.43,82,3.39,Chicago,2025-02-13T08:19:00Z
80.82,61,4.41,Houston,2025-02-12T08:19:00Z
70.47,75,13.87,New York,2025-02-11T08:19:00Z
79.77,59,1.25,New York,2025-02-10T08:19:00Z
85.43,56,1.48,Chicago,2025-02-09T08:19:00Z
94.74,78,14.96,Houston,2025-02-08T08:19:00Z
83.07,81,16.89,Chicago,2025-02-07T08:19:00Z
68.65,87,17.38,Chicago,2025-02-06T08:19:00Z
84.42,53,18.96,Phoenix,2025-02-05T08:19:00Z
67.59,75,5.99,Houston,2025-02-04T08:19:00Z
57.85,84,13.94,New York,2025-02-03T08:19:00Z
65.94,36,0.67,Phoenix,2025-02-02T08:19:00Z
81.13,88,7.52,Chicago,2025-02-01T08:19:00Z
92.65,32,14.45,Chicago,2025-01-31T08:19:00Z
76.49,74,19.88,Phoenix,2025-01-30T08:19:00Z
88.14,60,18.18,New York,2025-01-29T08:19:00Z
58.06,75,3.29,Chicago,2025-01-28T08:19:00Z
62.68,44,11.88,Houston,2025-01-27T08:19:00Z
92.63,55,2.52,Chicago,2025-01-26T08:19:00Z
95.32,55,6.11,Los Angeles,2025-01-25T08:19:00Z
85.42,49,12.86,Chicago,2025-01-24T08:19:00Z
90.01,67,4.75,Los Angeles,2025-01-23T08:19:00Z
99.4,71,3.16,Phoenix,2025-01-22T08:19:00Z
79.25,47,5.36,New York,2025-01-21T08:19:00Z
89.43,39,15.54,Houston,2025-01-20T08:19:00Z
78.43,36,12.84,Houston,2025-01-19T08:19:00Z
66.48,33,14.63,Chicago,2025-01-18T08:19:00Z
95.91,87,4.39,Chicago,2025-01-17T08:19:00Z
65.54,55,14.64,Los Angeles,2025-01-16T08:19:00Z
52.21,69,9.31,New York,2025-01-15T08:19:00Z
93.11,33,19.02,Chicago,2025-01-14T08:19:00Z
50.6,47,2.57,Houston,2025-01-13T08:19:00Z
72.37,69,9.17,Phoenix,2025-01-12T08:19:00Z
65.58,69,0.04,Houston,2025-01-11T08:19:00Z
62.55,45,3.11,Phoenix,2025-01-10T08:19:00Z
83.69,38,8.1,New York,2025-01-09T08:19:00Z
64.47,30,10.95,Houston,2025-01-08T08:19:00Z
73.6,30,15.0,Chicago,2025-01-07T08:19:00Z
64.23,33,19.67,Phoenix,2025-01-06T08:19:00Z
98.04,80,3.7,Chicago,2025-01-05T08:19:00Z
71.56,61,8.49,New York,2025-01-04T08:19:00Z
78.74,67,3.67,New York,2025-01-03T08:19:00Z
60.63,48,4.51,Houston,2025-01-02T08:19:00Z
96.93,57,16.31,Houston,2025-01-01T08:19:00Z
76.2,41,14.7,Los Angeles,2024-12-31T08:19:00Z
70.39,71,17.57,Los Angeles,2024-12-30T08:19:00Z
68.3,34,14.81,New York,2024-12-29T08:19:00Z
99.58,70,10.28,Chicago,2024-12-28T08:19:00Z
57.63,41,5.46,Phoenix,2024-12-27T08:19:00Z
53.78,56,10.89,New York,2024-12-26T08:19:00Z
67.42,33,12.56,Phoenix,2024-12-25T08:19:00Z
80.61,56,5.9,Los Angeles,2024-12-24T08:19:00Z
50.05,64,10.44,Chicago,2024-12-23T08:19:00Z
61.53,39,14.94,Los Angeles,2024-12-22T08:19:00Z
68.36,37,18.58,New York,2024-12-21T08:19:00Z
84.11,46,0.65,Phoenix,2024-12-20T08:19:00Z
81.78,57,2.37,Houston,2024-12-19T08:19:00Z
68.43,53,11.26,Chicago,2024-12-18T08:19:00Z
54.5,33,19.02,Phoenix,2024-12-17T08:19:00Z
95.02,68,8.14,Chicago,2024-12-16T08:19:00Z
56.73,79,9.36,Phoenix,2024-12-15T08:19:00Z
54.52,84,8.18,New York,2024-12-14T08:19:00Z
83.28,54,13.67,Houston,2024-12-13T08:19:00Z
98.11,67,0.19,Los Angeles,2024-12-12T08:19:00Z
82.09,61,10.22,New York,2024-12-11T08:19:00Z
83.74,48,3.43,Los Angeles,2024-12-10T08:19:00Z
89.96,61,17.15,Los Angeles,2024-12-09T08:19:00Z
53.6,53,5.19,Chicago,2024-12-08T08:19:00Z
96.08,74,6.75,Los Angeles,2024-12-07T08:19:00Z
68.91,76,18.84,Chicago,2024-12-06T08:19:00Z
82.31,74,19.33,Chicago,2024-12-05T08:19:00Z
67.14,75,16.78,Los Angeles,2024-12-04T08:19:00Z
67.09,37,3.76,Houston,2024-12-03T08:19:00Z
98.81,32,3.69,Chicago,2024-12-02T08:19:00Z
80.07,67,17.3,New York,2024-12-01T08:19:00Z
89.97,39,13.59,Chicago,2024-11-30T08:19:00Z
65.75,72,16.95,Houston,2024-11-29T08:19:00Z
87.56,79,15.5,Los Angeles,2024-11-28T08:19:00Z
69.55,77,19.05,New York,2024-11-27T08:19:00Z
55.86,48,12.22,Los Angeles,2024-11-26T08:19:00Z
67.95,66,4.38,Phoenix,2024-11-25T08:19:00Z
94.1,50,17.48,Los Angeles,2024-11-24T08:19:00Z
88.9,35,17.43,Houston,2024-11-23T08:19:00Z
88.48,39,0.17,New York,2024-11-22T08:19:00Z
85.12,41,7.97,Phoenix,2024-11-21T08:19:00Z
56.38,47,19.85,Phoenix,2024-11-20T08:19:00Z
60.36,82,7.18,Los Angeles,2024-11-19T08:19:00Z
52.26,44,5.94,Houston,2024-11-18T08:19:00Z
90.79,72,15.24,New York,2024-11-17T08:19:00Z
50.49,70,2.81,Phoenix,2024-11-16T08:19:00Z
69.17,84,3.35,Houston,2024-11-15T08:19:00Z
95.54,37,3.21,New York,2024-11-14T08:19:00Z
81.23,85,1.48,New York,2024-11-13T08:19:00Z
84.86,87,7.92,Chicago,2024-11-12T08:19:00Z
88.23,57,11.0,Los Angeles,2024-11-11T08:19:00Z
94.88,89,11.83,Los Angeles,2024-11-10T08:19:00Z
59.65,30,17.8,Houston,2024-11-09T08:19:00Z
71.16,64,7.47,New York,2024-11-08T08:19:00Z
81.32,80,14.54,New York,2024-11-07T08:19:00Z
89.0,40,1.39,New York,2024-11-06T08:19:00Z
89.99,89,11.88,Los Angeles,2024-11-05T08:19:00Z
51.27,48,5.18,Los Angeles,2024-11-04T08:19:00Z
51.89,71,10.98,New York,2024-11-03T08:19:00Z
83.78,81,3.59,Houston,2024-11-02T08:19:00Z
80.79,59,13.98,Los Angeles,2024-11-01T08:19:00Z
95.39,46,2.2,Chicago,2024-10-31T08:19:00Z
85.54,60,10.98,Los Angeles,2024-10-30T08:19:00Z
72.22,48,17.0,Houston,2024-10-29T08:19:00Z
96.92,60,3.3,Chicago,2024-10-28T08:19:00Z
85.06,71,19.84,New York,2024-10-27T08:19:00Z
99.71,63,16.66,Phoenix,2024-10-26T08:19:00Z
89.89,78,4.04,Chicago,2024-10-25T08:19:00Z
95.32,35,0.75,Phoenix,2024-10-24T08:19:00Z
67.2,68,2.69,New York,2024-10-23T08:19:00Z
64.15,39,17.7,Los Angeles,2024-10-22T08:19:00Z
75.83,38,4.46,Chicago,2024-10-21T08:19:00Z
87.93,56,12.62,Chicago,2024-10-20T08:19:00Z
91.13,37,8.23,Los Angeles,2024-10-19T08:19:00Z
71.25,87,15.79,New York,2024-10-18T08:19:00Z
77.56,80,17.72,Chicago,2024-10-17T08:19:00Z
77.57,72,11.47,Chicago,2024-10-16T08:19:00Z
93.56,36,2.72,New York,2024-10-15T08:19:00Z
81.32,48,0.26,Los Angeles,2024-10-14T08:19:00Z
60.86,56,2.03,Los Angeles,2024-10-13T08:19:00Z
76.25,34,6.91,Los Angeles,2024-10-12T08:19:00Z
76.07,83,13.0,New York,2024-10-11T08:19:00Z
70.83,84,18.58,Houston,2024-10-10T08:19:00Z
76.46,73,14.0,Phoenix,2024-10-09T08:19:00Z
86.32,30,9.83,New York,2024-10-08T08:19:00Z
53.82,71,1.56,Los Angeles,2024-10-07T08:19:00Z
66.95,52,8.89,Los Angeles,2024-10-06T08:19:00Z
50.28,74,16.34,Los Angeles,2024-10-05T08:19:00Z
84.86,33,14.39,Chicago,2024-10-04T08:19:00Z
83.22,48,3.24,Phoenix,2024-10-03T08:19:00Z
97.1,85,2.77,Chicago,2024-10-02T08:19:00Z
77.78,73,14.02,Los Angeles,2024-10-01T08:19:00Z
86.38,66,3.17,New York,2024-09-30T08:19:00Z
78.37,73,7.0,Chicago,2024-09-29T08:19:00Z
51.57,62,1.77,New York,2024-09-28T08:19:00Z
78.29,83,4.02,Los Angeles,2024-09-27T08:19:00Z
76.02,66,17.29,Chicago,2024-09-26T08:19:00Z
56.73,54,3.92,Chicago,2024-09-25T08:19:00Z
55.64,66,2.82,Houston,2024-09-24T08:19:00Z
70.98,77,9.86,New York,2024-09-23T08:19:00Z
85.66,39,13.65,New York,2024-09-22T08:19:00Z
93.53,31,7.45,Chicago,2024-09-21T08:19:00Z
89.76,86,6.36,Phoenix,2024-09-20T08:19:00Z
58.93,76,16.03,Chicago,2024-09-19T08:19:00Z
50.28,57,6.4,Houston,2024-09-18T08:19:00Z
85.55,69,5.93,Phoenix,2024-09-17T08:19:00Z
65.03,60,18.75,Phoenix,2024-09-16T08:19:00Z
66.7,67,6.76,Chicago,2024-09-15T08:19:00Z
75.13,63,1.93,Houston,2024-09-14T08:19:00Z
85.58,63,18.07,Los Angeles,2024-09-13T08:19:00Z
77.93,50,16.54,New York,2024-09-12T08:19:00Z
60.26,86,18.63,Los Angeles,2024-09-11T08:19:00Z
91.19,75,8.11,New York,2024-09-10T08:19:00Z
51.94,82,8.98,Phoenix,2024-09-09T08:19:00Z
77.64,52,16.08,Phoenix,2024-09-08T08:19:00Z
58.51,44,18.1,New York,2024-09-07T08:19:00Z
82.61,85,16.5,Phoenix,2024-09-06T08:19:00Z
87.25,67,5.63,Los Angeles,2024-09-05T08:19:00Z
93.53,60,19.44,Houston,2024-09-04T08:19:00Z
72.43,34,5.02,New York,2024-09-03T08:19:00Z
86.49,63,3.86,New York,2024-09-02T08:19:00Z
76.57,43,19.06,New York,2024-09-01T08:19:00Z
95.03,51,8.55,Houston,2024-08-31T08:19:00Z
74.32,65,13.9,Chicago,2024-08-30T08:19:00Z
84.88,73,12.53,New York,2024-08-29T08:19:00Z
64.97,89,12.19,Los Angeles,2024-08-28T08:19:00Z
62.71,72,5.47,Phoenix,2024-08-27T08:19:00Z
63.57,61,0.95,Houston,2024-08-26T08:19:00Z
92.31,32,18.45,Chicago,2024-08-25T08:19:00Z
95.43,57,12.1,Houston,2024-08-24T08:19:00Z
73.83,42,5.28,Phoenix,2024-08-23T08:19:00Z
66.07,71,8.19,Phoenix,2024-08-22T08:19:00Z
55.99,47,16.86,Houston,2024-08-21T08:19:00Z
96.67,47,14.19,Chicago,2024-08-20T08:19:00Z
90.15,64,4.15,Chicago,2024-08-19T08:19:00Z
82.9,69,13.16,New York,2024-08-18T08:19:00Z
85.91,41,13.75,New York,2024-08-17T08:19:00Z
68.73,47,11.63,Phoenix,2024-08-16T08:19:00Z
88.81,71,18.98,Phoenix,2024-08-15T08:19:00Z
97.55,72,1.55,Houston,2024-08-14T08:19:00Z
95.56,45,3.98,New York,2024-08-13T08:19:00Z
75.74,54,11.08,Phoenix,2024-08-12T08:19:00Z
58.67,53,9.86,Los Angeles,2024-08-11T08:19:00Z
88.74,49,11.87,Houston,2024-08-10T08:19:00Z
53.62,79,14.09,Los Angeles,2024-08-09T08:19:00Z
80.12,82,16.35,New York,2024-08-08T08:19:00Z
83.52,59,4.51,Phoenix,2024-08-07T08:19:00Z
70.13,59,14.12,Houston,2024-08-06T08:19:00Z
97.37,87,17.95,Chicago,2024-08-05T08:19:00Z
76.33,67,17.96,New York,2024-08-04T08:19:00Z
56.68,68,4.89,Phoenix,2024-08-03T08:19:00Z
58.78,50,8.57,Chicago,2024-08-02T08:19:00Z
82.37,56,2.79,Chicago,2024-08-01T08:19:00Z
62.64,88,0.77,Phoenix,2024-07-31T08:19:00Z
77.04,36,10.57,Houston,2024-07-30T08:19:00Z
53.97,59,2.25,Chicago,2024-07-29T08:19:00Z
86.47,73,17.7,Houston,2024-07-28T08:19:00Z
52.75,46,10.38,Chicago,2024-07-27T08:19:00Z
58.79,81,4.23,Los Angeles,2024-07-26T08:19:00Z
84.97,38,1.48,Los Angeles,2024-07-25T08:19:00Z
51.87,61,13.96,New York,2024-07-24T08:19:00Z
59.0,77,5.75,Phoenix,2024-07-23T08:19:00Z
96.4,68,15.78,Phoenix,2024-07-22T08:19:00Z
50.96,86,14.53,Los Angeles,2024-07-21T08:19:00Z
55.45,38,19.77,New York,2024-07-20T08:19:00Z
86.69,61,7.58,Houston,2024-07-19T08:19:00Z
91.0,42,18.04,Houston,2024-07-18T08:19:00Z
89.66,71,11.38,New York,2024-07-17T08:19:00Z
77.29,42,3.28,Phoenix,2024-07-16T08:19:00Z
55.91,56,8.59,Los Angeles,2024-07-15T08:19:00Z
83.46,49,15.31,Houston,2024-07-14T08:19:00Z
71.59,72,15.27,Chicago,2024-07-13T08:19:00Z
71.78,69,4.08,Los Angeles,2024-07-12T08:19:00Z
85.66,86,1.75,Houston,2024-07-11T08:19:00Z
88.27,62,7.89,Phoenix,2024-07-10T08:19:00Z
50.29,49,18.67,New York,2024-07-09T08:19:00Z
99.74,41,16.83,Chicago,2024-07-08T08:19:00Z
75.25,55,7.83,Houston,2024-07-07T08:19:00Z
51.91,32,10.14,Chicago,2024-07-06T08:19:00Z
69.09,55,12.72,New York,2024-07-05T08:19:00Z
63.97,58,7.34,Chicago,2024-07-04T08:19:00Z
98.23,30,11.87,Los Angeles,2024-07-03T08:19:00Z
84.44,78,2.87,Phoenix,2024-07-02T08:19:00Z
81.28,62,4.86,Phoenix,2024-07-01T08:19:00Z
57.07,30,7.16,Phoenix,2024-06-30T08:19:00Z
60.72,73,18.11,Houston,2024-06-29T08:19:00Z
80.07,48,7.24,Los Angeles,2024-06-28T08:19:00Z
60.83,43,1.12,Chicago,2024-06-27T08:19:00Z
85.72,72,15.08,Los Angeles,2024-06-26T08:19:00Z
93.93,31,15.52,New York,2024-06-25T08:19:00Z
91.72,70,18.3,Chicago,2024-06-24T08:19:00Z
70.47,51,9.69,New York,2024-06-23T08:19:00Z
50.27,44,1.34,Phoenix,2024-06-22T08:19:00Z
94.68,54,12.5,New York,2024-06-21T08:19:00Z
55.87,70,19.7,Los Angeles,2024-06-20T08:19:00Z
72.62,43,11.78,Los Angeles,2024-06-19T08:19:00Z
99.73,49,9.8,New York,2024-06-18T08:19:00Z
83.65,72,14.12,Phoenix,2024-06-17T08:19:00Z
61.78,45,12.78,Los Angeles,2024-06-16T08:19:00Z
64.39,58,5.05,Los Angeles,2024-06-15T08:19:00Z
69.84,58,10.57,Los Angeles,2024-06-14T08:19:00Z
56.64,38,0.36,Los Angeles,2024-06-13T08:19:00Z
65.06,62,10.67,New York,2024-06-12T08:19:00Z
76.67,57,17.77,Los Angeles,2024-06-11T08:19:00Z
93.1,42,12.59,Houston,2024-06-10T08:19:00Z
62.91,46,4.03,Los Angeles,2024-06-09T08:19:00Z
88.97,38,17.22,New York,2024-06-08T08:19:00Z
65.55,83,13.1,Chicago,2024-06-07T08:19:00Z
82.52,81,6.78,Chicago,2024-06-06T08:19:00Z
67.74,46,11.63,Los Angeles,2024-06-05T08:19:00Z
50.18,33,17.72,Los Angeles,2024-06-04T08:19:00Z
70.25,82,3.45,Houston,2024-06-03T08:19:00Z
80.09,37,10.24,New York,2024-06-02T08:19:00Z
72.7,57,4.66,Phoenix,2024-06-01T08:19:00Z
93.44,42,2.82,Phoenix,2024-05-31T08:19:00Z
89.72,69,7.17,Los Angeles,2024-05-30T08:19:00Z
64.62,58,2.65,Chicago,2024-05-29T08:19:00Z
97.18,53,11.94,Houston,2024-05-28T08:19:00Z
55.51,63,6.77,Los Angeles,2024-05-27T08:19:00Z
61.77,37,0.37,Phoenix,2024-05-26T08:19:00Z
88.7,55,7.2,Houston,2024-05-25T08:19:00Z
77.38,34,9.9,Phoenix,2024-05-24T08:19:00Z
64.56,79,6.06,Phoenix,2024-05-23T08:19:00Z
67.56,74,13.56,Houston,2024-05-22T08:19:00Z
78.76,33,1.6,Phoenix,2024-05-21T08:19:00Z
52.14,67,9.68,Chicago,2024-05-20T08:19:00Z
77.96,52,14.83,Phoenix,2024-05-19T08:19:00Z
68.68,61,19.69,Chicago,2024-05-18T08:19:00Z
81.24,82,0.44,New York,2024-05-17T08:19:00Z
99.59,82,13.9,Houston,2024-05-16T08:19:00Z
65.6,39,15.57,New York,2024-05-15T08:19:00Z
95.76,86,5.58,New York,2024-05-14T08:19:00Z
82.04,71,2.5,New York,2024-05-13T08:19:00Z
98.19,88,18.03,New York,2024-05-12T08:19:00Z
57.82,62,17.84,Phoenix,2024-05-11T08:19:00Z
79.26,35,13.5,New York,2024-05-10T08:19:00Z
95.35,53,9.59,Los Angeles,2024-05-09T08:19:00Z
68.93,83,3.71,New York,2024-05-08T08:19:00Z
71.64,79,0.49,Chicago,2024-05-07T08:19:00Z
85.57,54,18.66,Phoenix,2024-05-06T08:19:00Z
82.11,66,11.09,Chicago,2024-05-05T08:19:00Z
60.9,32,3.03,Houston,2024-05-04T08:19:00Z
81.1,80,8.96,New York,2024-05-03T08:19:00Z
58.36,47,4.26,Houston,2024-05-02T08:19:00Z
76.21,69,14.1,Los Angeles,2024-05-01T08:19:00Z
83.0,63,13.1,Los Angeles,2024-04-30T08:19:00Z
84.26,62,14.71,Chicago,2024-04-29T08:19:00Z
95.97,48,0.46,Los Angeles,2024-04-28T08:19:00Z
85.37,31,5.69,Phoenix,2024-04-27T08:19:00Z
72.91,30,10.99,Phoenix,2024-04-26T08:19:00Z
79.23,45,14.02,Chicago,2024-04-25T08:19:00Z
56.32,61,7.55,Los Angeles,2024-04-24T08:19:00Z
69.13,70,18.64,Phoenix,2024-04-23T08:19:00Z
69.99,49,7.51,Los Angeles,2024-04-22T08:19:00Z
97.49,36,6.01,Houston,2024-04-21T08:19:00Z
92.83,87,16.07,Los Angeles,2024-04-20T08:19:00Z
81.28,65,16.55,Los Angeles,2024-04-19T08:19:00Z
77.06,77,12.94,Chicago,2024-04-18T08:19:00Z
62.77,68,11.38,New York,2024-04-17T08:19:00Z
91.52,57,9.53,Los Angeles,2024-04-16T08:19:00Z
68.94,38,9.47,Phoenix,2024-04-15T08:19:00Z
68.61,71,13.68,Los Angeles,2024-04-14T08:19:00Z
81.99,37,9.78,New York,2024-04-13T08:19:00Z
99.33,83,7.29,Los Angeles,2024-04-12T08:19:00Z
56.11,79,14.37,Phoenix,2024-04-11T08:19:00Z
69.25,30,5.63,Houston,2024-04-10T08:19:00Z
77.56,84,11.99,New York,2024-04-09T08:19:00Z
97.02,59,17.29,Phoenix,2024-04-08T08:19:00Z
52.97,78,16.68,Los Angeles,2024-04-07T08:19:00Z
69.89,30,12.72,Houston,2024-04-06T08:19:00Z
53.21,36,8.02,Los Angeles,2024-04-05T08:19:00Z
78.25,30,1.48,Phoenix,2024-04-04T08:19:00Z
57.89,52,3.74,Houston,2024-04-03T08:19:00Z
56.54,32,18.48,Chicago,2024-04-02T08:19:00Z
82.08,54,19.62,Chicago,2024-04-01T08:19:00Z
78.68,37,19.7,Phoenix,2024-03-31T08:19:00Z
83.27,57,9.99,Chicago,2024-03-30T08:19:00Z
85.96,47,14.25,Houston,2024-03-29T08:19:00Z
95.38,46,5.43,Houston,2024-03-28T08:19:00Z
92.8,68,9.62,Los Angeles,2024-03-27T08:19:00Z
86.44,86,7.98,Chicago,2024-03-26T08:19:00Z
92.61,31,6.29,Los Angeles,2024-03-25T08:19:00Z
60.96,72,19.92,Chicago,2024-03-24T08:19:00Z
74.37,61,9.47,Phoenix,2024-03-23T08:19:00Z
74.38,31,19.01,Houston,2024-03-22T08:19:00Z
81.88,65,13.15,Los Angeles,2024-03-21T08:19:00Z
50.84,39,9.44,New York,2024-03-20T08:19:00Z
59.11,48,10.31,Houston,2024-03-19T08:19:00Z
57.32,63,15.07,Phoenix,2024-03-18T08:19:00Z
78.19,87,18.7,Chicago,2024-03-17T08:19:00Z
54.35,38,11.12,Chicago,2024-03-16T08:19:00Z
93.94,47,12.61,Chicago,2024-03-15T08:19:00Z
65.59,62,16.67,Chicago,2024-03-14T08:19:00Z
84.46,31,16.35,Houston,2024-03-13T08:19:00Z
51.56,57,11.83,Los Angeles,2024-03-12T08:19:00Z
96.83,73,9.75,Houston,2024-03-11T08:19:00Z
61.15,35,5.47,Chicago,2024-03-10T08:19:00Z
99.42,66,6.14,Phoenix,2024-03-09T08:19:00Z
71.9,53,16.05,Houston,2024-03-08T08:19:00Z
76.88,84,5.38,Los Angeles,2024-03-07T08:19:00Z
61.19,62,10.5,Phoenix,2024-03-06T08:19:00Z
54.6,76,11.57,New York,2024-03-05T08:19:00Z
61.27,40,0.58,Los Angeles,2024-03-04T08:19:00Z
63.16,56,10.53,Houston,2024-03-03T08:19:00Z
58.96,84,17.43,New York,2024-03-02T08:19:00Z
93.82,32,17.08,New York,2024-03-01T08:19:00Z
71.83,83,10.63,New York,2024-02-29T08:19:00Z
52.59,89,9.13,New York,2024-02-28T08:19:00Z
92.84,52,8.04,Los Angeles,2024-02-27T08:19:00Z
98.53,80,1.31,Phoenix,2024-02-26T08:19:00Z
54.98,34,4.37,New York,2024-02-25T08:19:00Z
88.39,62,0.5,Houston,2024-02-24T08:19:00Z
64.6,70,15.6,Chicago,2024-02-23T08:19:00Z
93.63,52,8.45,Phoenix,2024-02-22T08:19:00Z
58.87,46,12.93,Phoenix,2024-02-21T08:19:00Z
84.82,67,15.58,Chicago,2024-02-20T08:19:00Z
83.01,71,6.58,Phoenix,2024-02-19T08:19:00Z
68.18,41,3.92,Phoenix,2024-02-18T08:19:00Z
99.95,77,13.66,Chicago,2024-02-17T08:19:00Z
87.99,61,2.55,Los Angeles,2024-02-16T08:19:00Z
85.83,44,19.03,New York,2024-02-15T08:19:00Z
69.25,71,1.88,New York,2024-02-14T08:19:00Z
77.91,47,17.86,New York,2024-02-13T08:19:00Z
80.6,71,3.29,New York,2024-02-12T08:19:00Z
88.73,81,3.46,Chicago,2024-02-11T08:19:00Z
98.68,57,13.86,New York,2024-02-10T08:19:00Z
88.3,32,2.19,Los Angeles,2024-02-09T08:19:00Z
50.07,35,15.34,Phoenix,2024-02-08T08:19:00Z
89.4,89,7.07,New York,2024-02-07T08:19:00Z
50.95,63,1.96,New York,2024-02-06T08:19:00Z
92.4,30,9.79,Chicago,2024-02-05T08:19:00Z
79.34,82,8.11,Houston,2024-02-04T08:19:00Z
51.07,47,17.03,Chicago,2024-02-03T08:19:00Z
94.54,49,8.51,New York,2024-02-02T08:19:00Z
56.01,74,4.65,Chicago,2024-02-01T08:19:00Z
51.39,49,10.0,Houston,2024-01-31T08:19:00Z
89.56,43,9.21,New York,2024-01-30T08:19:00Z
67.42,36,14.8,Phoenix,2024-01-29T08:19:00Z
99.97,31,5.48,New York,2024-01-28T08:19:00Z
59.69,62,17.74,Chicago,2024-01-27T08:19:00Z
79.84,64,3.81,Chicago,2024-01-26T08:19:00Z
51.57,84,4.01,Chicago,2024-01-25T08:19:00Z
86.99,89,15.57,Los Angeles,2024-01-24T08:19:00Z
90.6,82,17.38,Los Angeles,2024-01-23T08:19:00Z
78.76,58,11.82,Phoenix,2024-01-22T08:19:00Z
99.31,43,5.99,Phoenix,2024-01-21T08:19:00Z
57.91,89,4.2,New York,2024-01-20T08:19:00Z
60.06,60,11.46,Phoenix,2024-01-19T08:19:00Z
82.8,74,11.54,Los Angeles,2024-01-18T08:19:00Z
91.4,33,18.52,New York,2024-01-17T08:19:00Z
71.43,44,9.96,Phoenix,2024-01-16T08:19:00Z
71.08,73,11.84,Houston,2024-01-15T08:19:00Z
58.95,34,17.25,Los Angeles,2024-01-14T08:19:00Z
93.03,63,4.78,Chicago,2024-01-13T08:19:00Z
97.14,38,6.82,Chicago,2024-01-12T08:19:00Z
74.67,45,10.49,Phoenix,2024-01-11T08:19:00Z
91.03,33,9.62,Houston,2024-01-10T08:19:00Z
61.38,47,16.74,Houston,2024-01-09T08:19:00Z
65.22,61,3.53,Phoenix,2024-01-08T08:19:00Z
67.72,53,7.11,Los Angeles,2024-01-07T08:19:00Z
54.32,52,1.25,New York,2024-01-06T08:19:00Z
68.75,75,7.54,Chicago,2024-01-05T08:19:00Z
91.54,52,16.42,Houston,2024-01-04T08:19:00Z
77.3,41,14.97,New York,2024-01-03T08:19:00Z
55.23,30,14.96,Phoenix,2024-01-02T08:19:00Z
61.69,57,12.17,New York,2024-01-01T08:19:00Z
70.19,50,2.87,Chicago,2023-12-31T08:19:00Z
88.27,67,19.38,Chicago,2023-12-30T08:19:00Z
61.83,60,5.39,Phoenix,2023-12-29T08:19:00Z
58.78,64,4.9,New York,2023-12-28T08:19:00Z
75.72,61,17.49,Houston,2023-12-27T08:19:00Z
90.94,40,3.42,Houston,2023-12-26T08:19:00Z
61.14,31,0.05,Houston,2023-12-25T08:19:00Z
55.93,89,5.95,Houston,2023-12-24T08:19:00Z
86.4,36,0.8,Houston,2023-12-23T08:19:00Z
81.12,71,17.87,Los Angeles,2023-12-22T08:19:00Z
72.53,75,7.64,Houston,2023-12-21T08:19:00Z
85.42,74,12.41,Phoenix,2023-12-20T08:19:00Z
87.38,45,6.12,New York,2023-12-19T08:19:00Z
52.52,51,8.62,Los Angeles,2023-12-18T08:19:00Z
71.47,71,17.59,New York,2023-12-17T08:19:00Z
54.64,49,4.38,Houston,2023-12-16T08:19:00Z
96.01,60,19.47,Houston,2023-12-15T08:19:00Z
89.81,76,0.5,Los Angeles,2023-12-14T08:19:00Z
61.03,76,11.26,Houston,2023-12-13T08:19:00Z
63.7,37,10.56,Los Angeles,2023-12-12T08:19:00Z
50.39,38,19.58,New York,2023-12-11T08:19:00Z
94.24,50,8.84,Phoenix,2023-12-10T08:19:00Z
74.22,38,2.11,Chicago,2023-12-09T08:19:00Z
81.8,38,16.03,Phoenix,2023-12-08T08:19:00Z
83.72,85,4.11,Phoenix,2023-12-07T08:19:00Z
79.86,58,13.73,Chicago,2023-12-06T08:19:00Z
64.43,42,2.86,Houston,2023-12-05T08:19:00Z
97.36,63,8.62,Phoenix,2023-12-04T08:19:00Z
76.36,69,17.11,New York,2023-12-03T08:19:00Z
84.89,75,15.4,Chicago,2023-12-02T08:19:00Z
93.95,81,12.88,Chicago,2023-12-01T08:19:00Z
96.49,63,1.65,Los Angeles,2023-11-30T08:19:00Z
82.97,68,2.93,Phoenix,2023-11-29T08:19:00Z
94.82,84,18.49,New York,2023-11-28T08:19:00Z
52.47,88,13.09,Chicago,2023-11-27T08:19:00Z
68.9,42,7.05,Phoenix,2023-11-26T08:19:00Z
74.78,62,6.81,Phoenix,2023-11-25T08:19:00Z
81.04,89,6.43,Houston,2023-11-24T08:19:00Z
57.18,83,19.74,New York,2023-11-23T08:19:00Z
71.13,72,13.4,New York,2023-11-22T08:19:00Z
93.17,31,6.45,New York,2023-11-21T08:19:00Z
70.93,61,13.78,Houston,2023-11-20T08:19:00Z
55.28,35,5.79,New York,2023-11-19T08:19:00Z
76.71,80,9.47,Chicago,2023-11-18T08:19:00Z
80.22,82,9.21,Chicago,2023-11-17T08:19:00Z
83.79,41,15.55,Chicago,2023-11-16T08:19:00Z
76.88,45,18.3,Chicago,2023-11-15T08:19:00Z
68.3,84,4.29,New York,2023-11-14T08:19:00Z
58.6,76,2.97,Los Angeles,2023-11-13T08:19:00Z
65.82,64,8.84,Los Angeles,2023-11-12T08:19:00Z
56.59,59,9.04,Los Angeles,2023-11-11T08:19:00Z
53.15,80,11.78,Chicago,2023-11-10T08:19:00Z
50.74,75,18.42,Houston,2023-11-09T08:19:00Z
87.35,34,10.24,Chicago,2023-11-08T08:19:00Z
59.34,72,19.9,Chicago,2023-11-07T08:19:00Z
69.81,67,7.92,New York,2023-11-06T08:19:00Z
96.4,55,12.74,Phoenix,2023-11-05T08:19:00Z
74.13,89,13.86,Los Angeles,2023-11-04T08:19:00Z
80.69,31,6.29,Chicago,2023-11-03T08:19:00Z
54.14,80,12.56,Houston,2023-11-02T08:19:00Z
71.66,80,2.52,Houston,2023-11-01T08:19:00Z
77.6,81,9.63,New York,2023-10-31T08:19:00Z
60.28,38,3.9,Phoenix,2023-10-30T08:19:00Z
63.86,52,7.59,Los Angeles,2023-10-29T08:19:00Z
87.83,58,12.36,New York,2023-10-28T08:19:00Z
84.34,77,19.08,Phoenix,2023-10-27T08:19:00Z
59.99,40,6.93,New York,2023-10-26T08:19:00Z
50.13,56,4.83,Los Angeles,2023-10-25T08:19:00Z
61.2,73,11.68,New York,2023-10-24T08:19:00Z
76.98,39,4.7,Phoenix,2023-10-23T08:19:00Z
83.29,61,9.44,Chicago,2023-10-22T08:19:00Z
83.44,49,2.67,Phoenix,2023-10-21T08:19:00Z
98.64,50,1.61,Los Angeles,2023-10-20T08:19:00Z
80.61,35,10.83,Phoenix,2023-10-19T08:19:00Z
93.89,85,5.8,Houston,2023-10-18T08:19:00Z
76.99,30,15.3,Phoenix,2023-10-17T08:19:00Z
73.51,37,16.25,Houston,2023-10-16T08:19:00Z
97.47,78,16.15,Los Angeles,2023-10-15T08:19:00Z
99.39,84,9.61,Phoenix,2023-10-14T08:19:00Z
87.85,63,4.49,Los Angeles,2023-10-13T08:19:00Z
67.61,48,5.28,Houston,2023-10-12T08:19:00Z
72.67,48,11.95,Houston,2023-10-11T08:19:00Z
71.64,57,9.43,Houston,2023-10-10T08:19:00Z
65.49,89,4.14,Los Angeles,2023-10-09T08:19:00Z
97.89,39,17.87,Phoenix,2023-10-08T08:19:00Z
68.69,78,1.11,Los Angeles,2023-10-07T08:19:00Z
96.24,70,18.78,Chicago,2023-10-06T08:19:00Z
99.32,51,8.97,New York,2023-10-05T08:19:00Z
85.97,62,13.56,Los Angeles,2023-10-04T08:19:00Z
51.82,89,18.92,Phoenix,2023-10-03T08:19:00Z
85.41,46,14.12,New York,2023-10-02T08:19:00Z
71.85,52,3.24,Chicago,2023-10-01T08:19:00Z
56.86,52,7.5,Los Angeles,2023-09-30T08:19:00Z
78.33,39,16.54,Los Angeles,2023-09-29T08:19:00Z
99.92,68,5.35,Los Angeles,2023-09-28T08:19:00Z
53.08,65,0.96,Los Angeles,2023-09-27T08:19:00Z
57.56,57,1.94,Los Angeles,2023-09-26T08:19:00Z
91.18,70,19.63,Houston,2023-09-25T08:19:00Z
91.73,65,2.27,Chicago,2023-09-24T08:19:00Z
62.32,63,4.27,Houston,2023-09-23T08:19:00Z
82.53,33,19.85,Houston,2023-09-22T08:19:00Z
71.29,39,5.4,Chicago,2023-09-21T08:19:00Z
71.68,36,18.55,Phoenix,2023-09-20T08:19:00Z
70.33,77,2.01,Phoenix,2023-09-19T08:19:00Z
61.08,83,4.04,Los Angeles,2023-09-18T08:19:00Z
69.9,58,10.19,New York,2023-09-17T08:19:00Z
91.23,72,9.39,New York,2023-09-16T08:19:00Z
57.95,85,7.78,New York,2023-09-15T08:19:00Z
81.48,89,17.58,Phoenix,2023-09-14T08:19:00Z
50.98,70,17.54,New York,2023-09-13T08:19:00Z
73.52,79,3.29,Los Angeles,2023-09-12T08:19:00Z
93.97,54,11.62,New York,2023-09-11T08:19:00Z
58.71,66,14.68,Phoenix,2023-09-10T08:19:00Z
50.32,81,4.74,Chicago,2023-09-09T08:19:00Z
50.34,60,0.96,Houston,2023-09-08T08:19:00Z
68.63,60,6.85,Chicago,2023-09-07T08:19:00Z
85.74,35,17.01,Los Angeles,2023-09-06T08:19:00Z
60.24,87,12.02,Phoenix,2023-09-05T08:19:00Z
86.28,73,1.15,New York,2023-09-04T08:19:00Z
57.1,48,4.08,Los Angeles,2023-09-03T08:19:00Z
96.95,35,3.16,Phoenix,2023-09-02T08:19:00Z
80.12,86,15.32,Phoenix,2023-09-01T08:19:00Z
95.99,41,7.08,Chicago,2023-08-31T08:19:00Z
67.51,70,16.94,New York,2023-08-30T08:19:00Z
51.44,37,16.94,Los Angeles,2023-08-29T08:19:00Z
78.67,80,16.25,Chicago,2023-08-28T08:19:00Z
68.73,65,13.72,Chicago,2023-08-27T08:19:00Z
53.4,75,12.55,Phoenix,2023-08-26T08:19:00Z
83.01,60,8.24,Phoenix,2023-08-25T08:19:00Z
89.59,85,13.15,Chicago,2023-08-24T08:19:00Z
94.48,70,15.25,Chicago,2023-08-23T08:19:00Z
58.13,51,14.3,Phoenix,2023-08-22T08:19:00Z
69.47,37,0.06,Phoenix,2023-08-21T08:19:00Z
88.83,46,5.14,Phoenix,2023-08-20T08:19:00Z
59.05,67,10.12,New York,2023-08-19T08:19:00Z
73.59,72,11.06,Los Angeles,2023-08-18T08:19:00Z
84.08,47,8.15,New York,2023-08-17T08:19:00Z
59.5,54,11.12,Phoenix,2023-08-16T08:19:00Z
57.65,86,13.37,Houston,2023-08-15T08:19:00Z
91.84,79,11.07,Houston,2023-08-14T08:19:00Z
54.27,56,1.45,Phoenix,2023-08-13T08:19:00Z
50.98,81,19.32,New York,2023-08-12T08:19:00Z
53.61,46,8.48,Houston,2023-08-11T08:19:00Z
51.18,30,0.99,Houston,2023-08-10T08:19:00Z
60.52,73,7.96,Phoenix,2023-08-09T08:19:00Z
77.27,76,13.11,Chicago,2023-08-08T08:19:00Z
54.63,78,7.72,Houston,2023-08-07T08:19:00Z
65.95,63,18.72,Los Angeles,2023-08-06T08:19:00Z
58.84,39,2.17,Los Angeles,2023-08-05T08:19:00Z
86.69,88,10.48,Los Angeles,2023-08-04T08:19:00Z
89.75,32,3.19,New York,2023-08-03T08:19:00Z
95.88,42,19.01,Los Angeles,2023-08-02T08:19:00Z
92.1,37,16.34,New York,2023-08-01T08:19:00Z
77.65,42,17.99,Phoenix,2023-07-31T08:19:00Z
96.35,80,14.29,New York,2023-07-30T08:19:00Z
90.15,89,8.07,Phoenix,2023-07-29T08:19:00Z
52.47,70,7.52,Los Angeles,2023-07-28T08:19:00Z
65.15,53,4.56,Houston,2023-07-27T08:19:00Z
94.75,41,6.04,Chicago,2023-07-26T08:19:00Z
65.29,49,6.03,New York,2023-07-25T08:19:00Z
74.36,37,6.62,Los Angeles,2023-07-24T08:19:00Z
67.35,47,3.88,Phoenix,2023-07-23T08:19:00Z
54.29,42,9.18,Los Angeles,2023-07-22T08:19:00Z
57.55,35,11.9,Los Angeles,2023-07-21T08:19:00Z
51.89,66,5.64,New York,2023-07-20T08:19:00Z
61.39,52,10.17,Los Angeles,2023-07-19T08:19:00Z
82.68,85,16.92,Chicago,2023-07-18T08:19:00Z
77.01,71,1.96,New York,2023-07-17T08:19:00Z
83.83,71,6.62,Los Angeles,2023-07-16T08:19:00Z
66.57,42,12.76,Los Angeles,2023-07-15T08:19:00Z
81.38,81,1.56,Chicago,2023-07-14T08:19:00Z
65.69,46,12.67,Phoenix,2023-07-13T08:19:00Z
52.13,65,8.48,New York,2023-07-12T08:19:00Z
56.35,42,18.7,Houston,2023-07-11T08:19:00Z
95.61,65,15.39,Chicago,2023-07-10T08:19:00Z
97.19,45,4.01,Phoenix,2023-07-09T08:19:00Z
85.35,55,0.81,Houston,2023-07-08T08:19:00Z
62.73,84,3.81,Houston,2023-07-07T08:19:00Z
75.43,41,4.93,Los Angeles,2023-07-06T08:19:00Z
90.58,79,11.98,Phoenix,2023-07-05T08:19:00Z
75.65,62,11.38,Chicago,2023-07-04T08:19:00Z
78.8,73,19.38,Houston,2023-07-03T08:19:00Z
68.48,34,4.15,Phoenix,2023-07-02T08:19:00Z
62.44,39,12.28,New York,2023-07-01T08:19:00Z
59.05,73,17.0,Houston,2023-06-30T08:19:00Z
52.32,76,14.51,New York,2023-06-29T08:19:00Z
74.89,39,15.2,Phoenix,2023-06-28T08:19:00Z
97.93,66,15.22,Houston,2023-06-27T08:19:00Z
67.45,57,14.34,Phoenix,2023-06-26T08:19:00Z
96.06,35,10.1,Houston,2023-06-25T08:19:00Z
59.56,70,8.79,Phoenix,2023-06-24T08:19:00Z
53.36,88,10.05,Houston,2023-06-23T08:19:00Z
88.64,89,0.06,Houston,2023-06-22T08:19:00Z
62.23,84,7.24,New York,2023-06-21T08:19:00Z
85.92,89,5.3,Phoenix,2023-06-20T08:19:00Z
92.28,32,0.56,New York,2023-06-19T08:19:00Z
77.58,78,4.26,Phoenix,2023-06-18T08:19:00Z
78.0,72,12.27,Los Angeles,2023-06-17T08:19:00Z
99.79,48,8.66,Phoenix,2023-06-16T08:19:00Z
76.21,60,16.55,New York,2023-06-15T08:19:00Z
86.81,46,19.62,Chicago,2023-06-14T08:19:00Z
67.39,39,5.05,Chicago,2023-06-13T08:19:00Z
96.2,46,15.82,Chicago,2023-06-12T08:19:00Z
96.56,47,8.68,Los Angeles,2023-06-11T08:19:00Z
70.06,70,10.62,Houston,2023-06-10T08:19:00Z
58.13,52,0.13,Chicago,2023-06-09T08:19:00Z
87.63,82,15.29,New York,2023-06-08T08:19:00Z
85.15,48,3.84,New York,2023-06-07T08:19:00Z
69.18,51,14.94,Phoenix,2023-06-06T08:19:00Z
86.58,62,9.07,Los Angeles,2023-06-05T08:19:00Z
53.2,32,17.64,Los Angeles,2023-06-04T08:19:00Z
83.62,53,4.32,Houston,2023-06-03T08:19:00Z
65.25,59,6.11,New York,2023-06-02T08:19:00Z
52.34,65,2.87,New York,2023-06-01T08:19:00Z
62.75,82,18.53,Los Angeles,2023-05-31T08:19:00Z
88.87,72,5.9,New York,2023-05-30T08:19:00Z
52.47,36,16.58,New York,2023-05-29T08:19:00Z
68.33,41,6.06,New York,2023-05-28T08:19:00Z
72.81,66,10.17,Los Angeles,2023-05-27T08:19:00Z
85.82,32,13.49,New York,2023-05-26T08:19:00Z
62.72,61,19.12,Los Angeles,2023-05-25T08:19:00Z
77.68,47,8.57,Los Angeles,2023-05-24T08:19:00Z
70.05,52,3.6,New York,2023-05-23T08:19:00Z
53.96,70,1.58,Los Angeles,2023-05-22T08:19:00Z
87.38,81,0.99,Phoenix,2023-05-21T08:19:00Z
58.06,62,14.16,Houston,2023-05-20T08:19:00Z
60.72,49,11.85,New York,2023-05-19T08:19:00Z
81.07,58,4.83,Chicago,2023-05-18T08:19:00Z
99.71,72,16.3,Chicago,2023-05-17T08:19:00Z
85.27,41,1.02,Los Angeles,2023-05-16T08:19:00Z
57.72,56,9.05,Houston,2023-05-15T08:19:00Z
87.6,67,15.05,New York,2023-05-14T08:19:00Z
80.23,61,4.3,Houston,2023-05-13T08:19:00Z
54.38,73,19.1,Los Angeles,2023-05-12T08:19:00Z
52.83,77,12.33,Houston,2023-05-11T08:19:00Z
76.02,67,2.49,New York,2023-05-10T08:19:00Z
92.84,33,15.79,New York,2023-05-09T08:19:00Z
81.76,57,2.29,New York,2023-05-08T08:19:00Z
91.85,45,7.19,Chicago,2023-05-07T08:19:00Z
50.58,73,7.11,New York,2023-05-06T08:19:00Z
56.31,89,14.18,Chicago,2023-05-05T08:19:00Z
52.96,83,5.48,Los Angeles,2023-05-04T08:19:00Z
98.36,55,19.94,Phoenix,2023-05-03T08:19:00Z
86.59,56,4.04,New York,2023-05-02T08:19:00Z
87.87,68,18.32,Chicago,2023-05-01T08:19:00Z
60.93,74,19.22,Los Angeles,2023-04-30T08:19:00Z
62.75,84,0.78,Los Angeles,2023-04-29T08:19:00Z
63.97,86,11.62,New York,2023-04-28T08:19:00Z
68.29,68,18.08,New York,2023-04-27T08:19:00Z
97.2,41,1.45,New York,2023-04-26T08:19:00Z
64.93,54,9.93,Chicago,2023-04-25T08:19:00Z
83.13,46,15.45,Chicago,2023-04-24T08:19:00Z
90.74,30,11.09,Houston,2023-04-23T08:19:00Z
54.54,39,19.51,Chicago,2023-04-22T08:19:00Z
79.44,87,14.12,Phoenix,2023-04-21T08:19:00Z
78.4,39,17.38,Chicago,2023-04-20T08:19:00Z
56.84,54,18.78,Phoenix,2023-04-19T08:19:00Z
69.64,53,4.82,Phoenix,2023-04-18T08:19:00Z
60.56,89,10.62,Chicago,2023-04-17T08:19:00Z
86.74,61,12.36,Chicago,2023-04-16T08:19:00Z
86.47,78,8.2,Los Angeles,2023-04-15T08:19:00Z
83.84,47,0.65,Houston,2023-04-14T08:19:00Z
76.21,82,14.4,Chicago,2023-04-13T08:19:00Z
83.94,52,12.24,Chicago,2023-04-12T08:19:00Z
88.14,38,2.29,Houston,2023-04-11T08:19:00Z
99.96,67,11.69,Houston,2023-04-10T08:19:00Z
85.49,39,19.21,Houston,2023-04-09T08:19:00Z
55.67,46,18.84,Los Angeles,2023-04-08T08:19:00Z
91.56,41,13.65,Houston,2023-04-07T08:19:00Z
55.29,46,6.67,Los Angeles,2023-04-06T08:19:00Z
53.19,38,18.77,Los Angeles,2023-04-05T08:19:00Z
78.65,41,2.88,New York,2023-04-04T08:19:00Z
57.67,41,12.58,Los Angeles,2023-04-03T08:19:00Z
74.35,33,2.11,New York,2023-04-02T08:19:00Z
50.71,56,2.01,New York,2023-04-01T08:19:00Z
98.66,48,3.34,New York,2023-03-31T08:19:00Z
78.63,46,12.08,Phoenix,2023-03-30T08:19:00Z
89.02,80,12.36,Houston,2023-03-29T08:19:00Z
78.65,76,1.43,Phoenix,2023-03-28T08:19:00Z
77.34,34,2.68,Chicago,2023-03-27T08:19:00Z
95.0,31,19.94,Phoenix,2023-03-26T08:19:00Z
52.38,48,17.55,Los Angeles,2023-03-25T08:19:00Z
99.29,48,8.27,Chicago,2023-03-24T08:19:00Z
52.25,40,11.61,Phoenix,2023-03-23T08:19:00Z
75.23,55,5.14,Houston,2023-03-22T08:19:00Z
56.88,60,0.06,New York,2023-03-21T08:19:00Z
64.69,81,6.31,Phoenix,2023-03-20T08:19:00Z
57.82,74,1.23,New York,2023-03-19T08:19:00Z
78.17,77,18.64,Chicago,2023-03-18T08:19:00Z
70.42,72,6.4,Houston,2023-03-17T08:19:00Z
93.07,39,19.24,New York,2023-03-16T08:19:00Z
95.51,69,1.46,Houston,2023-03-15T08:19:00Z
96.55,31,1.7,Los Angeles,2023-03-14T08:19:00Z
74.02,37,12.5,Phoenix,2023-03-13T08:19:00Z
52.5,47,10.65,Chicago,2023-03-12T08:19:00Z
73.79,58,7.09,Houston,2023-03-11T08:19:00Z
88.3,88,7.1,Los Angeles,2023-03-10T08:19:00Z
52.4,46,14.81,Phoenix,2023-03-09T08:19:00Z
75.22,84,15.91,Houston,2023-03-08T08:19:00Z
60.65,65,4.96,Phoenix,2023-03-07T08:19:00Z
88.26,57,18.88,Phoenix,2023-03-06T08:19:00Z
77.08,60,13.26,Chicago,2023-03-05T08:19:00Z
71.61,65,7.92,Phoenix,2023-03-04T08:19:00Z
58.75,63,0.17,Chicago,2023-03-03T08:19:00Z
55.53,64,14.86,Houston,2023-03-02T08:19:00Z
50.24,79,5.99,Los Angeles,2023-03-01T08:19:00Z
72.58,50,19.39,Phoenix,2023-02-28T08:19:00Z
55.11,57,19.37,Los Angeles,2023-02-27T08:19:00Z
60.4,88,17.58,Phoenix,2023-02-26T08:19:00Z
83.52,64,2.47,New York,2023-02-25T08:19:00Z
54.0,86,17.72,Los Angeles,2023-02-24T08:19:00Z
80.32,57,18.94,Los Angeles,2023-02-23T08:19:00Z
65.13,54,3.86,Phoenix,2023-02-22T08:19:00Z
65.57,77,6.36,Chicago,2023-02-21T08:19:00Z
60.84,67,8.82,Los Angeles,2023-02-20T08:19:00Z
72.71,88,6.29,Houston,2023-02-19T08:19:00Z
75.7,60,0.13,New York,2023-02-18T08:19:00Z
53.67,66,15.96,Chicago,2023-02-17T08:19:00Z
82.09,65,15.57,Chicago,2023-02-16T08:19:00Z
79.79,54,17.75,New York,2023-02-15T08:19:00Z
88.4,43,19.45,Chicago,2023-02-14T08:19:00Z
67.22,77,10.57,New York,2023-02-13T08:19:00Z
62.65,43,15.23,Houston,2023-02-12T08:19:00Z
72.93,84,14.13,Chicago,2023-02-11T08:19:00Z
65.07,84,9.86,Chicago,2023-02-10T08:19:00Z
81.39,42,17.83,Houston,2023-02-09T08:19:00Z
56.07,73,19.01,Houston,2023-02-08T08:19:00Z
72.47,38,1.71,Chicago,2023-02-07T08:19:00Z
86.61,41,0.82,New York,2023-02-06T08:19:00Z
72.77,82,4.02,Chicago,2023-02-05T08:19:00Z
66.27,66,17.85,Houston,2023-02-04T08:19:00Z
92.87,37,14.89,New York,2023-02-03T08:19:00Z
54.65,56,13.37,Chicago,2023-02-02T08:19:00Z
69.47,62,19.45,New York,2023-02-01T08:19:00Z
94.29,36,16.02,Houston,2023-01-31T08:19:00Z
81.86,86,13.76,Houston,2023-01-30T08:19:00Z
91.88,45,1.73,Chicago,2023-01-29T08:19:00Z
59.95,68,17.38,Los Angeles,2023-01-28T08:19:00Z
99.3,43,5.28,New York,2023-01-27T08:19:00Z
65.61,57,11.75,Phoenix,2023-01-26T08:19:00Z
62.56,53,6.28,Phoenix,2023-01-25T08:19:00Z
89.18,70,6.51,Phoenix,2023-01-24T08:19:00Z
58.5,65,4.54,New York,2023-01-23T08:19:00Z
50.42,46,9.34,Phoenix,2023-01-22T08:19:00Z
87.84,31,9.81,New York,2023-01-21T08:19:00Z
53.0,56,5.68,New York,2023-01-20T08:19:00Z
51.07,61,10.67,Phoenix,2023-01-19T08:19:00Z
67.9,35,15.73,Phoenix,2023-01-18T08:19:00Z
64.65,42,0.28,Chicago,2023-01-17T08:19:00Z
58.38,53,14.54,Los Angeles,2023-01-16T08:19:00Z
62.83,53,12.89,Phoenix,2023-01-15T08:19:00Z
75.39,70,14.98,Los Angeles,2023-01-14T08:19:00Z
74.9,48,2.04,Los Angeles,2023-01-13T08:19:00Z
73.9,53,16.48,Phoenix,2023-01-12T08:19:00Z
71.49,37,8.22,Houston,2023-01-11T08:19:00Z
82.93,48,1.91,Chicago,2023-01-10T08:19:00Z
60.62,33,4.79,New York,2023-01-09T08:19:00Z
61.67,68,1.67,Los Angeles,2023-01-08T08:19:00Z
73.26,72,5.86,Los Angeles,2023-01-07T08:19:00Z
92.25,72,13.49,Phoenix,2023-01-06T08:19:00Z
68.23,36,5.14,Los Angeles,2023-01-05T08:19:00Z
59.69,59,18.3,Phoenix,2023-01-04T08:19:00Z
89.69,34,14.55,New York,2023-01-03T08:19:00Z
79.06,80,9.21,Los Angeles,2023-01-02T08:19:00Z
51.76,43,8.49,Houston,2023-01-01T08:19:00Z
79.65,73,10.41,Phoenix,2022-12-31T08:19:00Z
90.4,70,10.79,Los Angeles,2022-12-30T08:19:00Z
53.42,48,8.8,Phoenix,2022-12-29T08:19:00Z
97.31,47,3.32,Phoenix,2022-12-28T08:19:00Z
74.42,49,17.65,New York,2022-12-27T08:19:00Z
70.36,40,5.24,Chicago,2022-12-26T08:19:00Z
74.74,36,10.89,Phoenix,2022-12-25T08:19:00Z
80.28,59,3.17,Phoenix,2022-12-24T08:19:00Z
89.64,75,15.51,New York,2022-12-23T08:19:00Z
91.84,87,12.17,Los Angeles,2022-12-22T08:19:00Z
66.67,37,16.83,New York,2022-12-21T08:19:00Z
58.7,84,4.57,Houston,2022-12-20T08:19:00Z
82.72,72,16.37,Chicago,2022-12-19T08:19:00Z
93.12,69,7.19,Phoenix,2022-12-18T08:19:00Z
50.65,37,12.82,Los Angeles,2022-12-17T08:19:00Z
55.81,43,5.27,Phoenix,2022-12-16T08:19:00Z
91.82,78,17.68,Los Angeles,2022-12-15T08:19:00Z
59.33,39,0.14,Chicago,2022-12-14T08:19:00Z
64.24,33,3.97,Los Angeles,2022-12-13T08:19:00Z
57.46,57,15.94,Los Angeles,2022-12-12T08:19:00Z
60.04,49,7.46,New York,2022-12-11T08:19:00Z
82.65,43,1.7,Los Angeles,2022-12-10T08:19:00Z
73.89,88,16.31,Los Angeles,2022-12-09T08:19:00Z
80.25,89,9.03,Chicago,2022-12-08T08:19:00Z
69.57,53,9.08,Houston,2022-12-07T08:19:00Z
74.68,43,16.97,Houston,2022-12-06T08:19:00Z
81.01,48,8.93,Phoenix,2022-12-05T08:19:00Z
98.12,49,15.86,Los Angeles,2022-12-04T08:19:00Z
96.14,33,16.53,Chicago,2022-12-03T08:19:00Z
96.49,48,18.55,New York,2022-12-02T08:19:00Z
81.65,70,17.8,Chicago,2022-12-01T08:19:00Z
93.55,82,13.79,Los Angeles,2022-11-30T08:19:00Z
70.03,71,16.82,Los Angeles,2022-11-29T08:19:00Z
90.89,61,6.31,Chicago,2022-11-28T08:19:00Z
84.29,33,14.11,New York,2022-11-27T08:19:00Z
94.19,88,16.59,Phoenix,2022-11-26T08:19:00Z
99.94,39,10.01,Houston,2022-11-25T08:19:00Z
81.95,47,0.0,Los Angeles,2022-11-24T08:19:00Z
74.43,37,6.41,Phoenix,2022-11-23T08:19:00Z
64.52,45,0.38,Los Angeles,2022-11-22T08:19:00Z
74.21,80,7.36,Phoenix,2022-11-21T08:19:00Z
84.57,51,11.71,Los Angeles,2022-11-20T08:19:00Z
60.67,81,15.54,Houston,2022-11-19T08:19:00Z
62.13,44,4.99,Los Angeles,2022-11-18T08:19:00Z
69.15,46,14.24,New York,2022-11-17T08:19:00Z
59.43,38,8.62,New York,2022-11-16T08:19:00Z
56.18,65,17.51,Los Angeles,2022-11-15T08:19:00Z
82.49,71,13.71,Houston,2022-11-14T08:19:00Z
65.3,78,10.43,New York,2022-11-13T08:19:00Z
76.23,43,4.32,New York,2022-11-12T08:19:00Z
62.21,46,10.33,Phoenix,2022-11-11T08:19:00Z
86.09,77,11.19,Houston,2022-11-10T08:19:00Z
58.75,46,14.19,Los Angeles,2022-11-09T08:19:00Z
79.26,55,18.94,Los Angeles,2022-11-08T08:19:00Z
94.03,41,1.22,New York,2022-11-07T08:19:00Z
80.82,75,4.35,Los Angeles,2022-11-06T08:19:00Z
95.36,59,10.18,Chicago,2022-11-05T08:19:00Z
82.94,56,7.45,New York,2022-11-04T08:19:00Z
91.29,58,0.17,Houston,2022-11-03T08:19:00Z
77.11,33,16.29,Phoenix,2022-11-02T08:19:00Z
91.12,71,17.83,Los Angeles,2022-11-01T08:19:00Z
62.36,43,16.71,Chicago,2022-10-31T08:19:00Z
87.68,43,12.63,Chicago,2022-10-30T08:19:00Z
72.64,30,14.16,Phoenix,2022-10-29T08:19:00Z
60.33,31,19.01,Phoenix,2022-10-28T08:19:00Z
66.84,78,7.59,Houston,2022-10-27T08:19:00Z
72.82,32,19.28,Los Angeles,2022-10-26T08:19:00Z
65.38,34,1.79,Chicago,2022-10-25T08:19:00Z
78.34,81,7.65,New York,2022-10-24T08:19:00Z
64.07,84,9.04,Phoenix,2022-10-23T08:19:00Z
76.64,51,17.83,New York,2022-10-22T08:19:00Z
52.51,86,19.37,Phoenix,2022-10-21T08:19:00Z
75.47,76,17.53,Los Angeles,2022-10-20T08:19:00Z
94.6,33,11.34,Chicago,2022-10-19T08:19:00Z
97.6,47,8.95,Phoenix,2022-10-18T08:19:00Z
64.46,38,15.12,Chicago,2022-10-17T08:19:00Z
81.37,76,3.8,New York,2022-10-16T08:19:00Z
70.26,81,14.7,New York,2022-10-15T08:19:00Z
67.42,87,15.87,Los Angeles,2022-10-14T08:19:00Z
71.59,85,18.63,New York,2022-10-13T08:19:00Z
89.06,35,6.92,Los Angeles,2022-10-12T08:19:00Z
75.8,47,1.68,New York,2022-10-11T08:19:00Z
64.92,82,0.1,Chicago,2022-10-10T08:19:00Z
74.89,59,0.97,New York,2022-10-09T08:19:00Z
57.08,51,5.76,Houston,2022-10-08T08:19:00Z
54.36,73,12.42,Phoenix,2022-10-07T08:19:00Z
79.26,36,19.63,Chicago,2022-10-06T08:19:00Z
96.33,47,1.94,New York,2022-10-05T08:19:00Z
91.35,33,11.76,Houston,2022-10-04T08:19:00Z
92.42,82,14.73,Los Angeles,2022-10-03T08:19:00Z
90.73,81,17.74,Houston,2022-10-02T08:19:00Z
83.5,83,16.14,Houston,2022-10-01T08:19:00Z
76.89,70,1.22,New York,2022-09-30T08:19:00Z
83.91,60,1.32,Chicago,2022-09-29T08:19:00Z
62.11,35,6.13,Phoenix,2022-09-28T08:19:00Z
95.72,78,14.37,Chicago,2022-09-27T08:19:00Z
78.02,31,5.57,Chicago,2022-09-26T08:19:00Z
57.05,35,18.78,Houston,2022-09-25T08:19:00Z
61.1,79,7.82,New York,2022-09-24T08:19:00Z
96.95,69,3.15,Los Angeles,2022-09-23T08:19:00Z
70.41,46,15.2,Chicago,2022-09-22T08:19:00Z
56.75,55,12.0,Houston,2022-09-21T08:19:00Z
78.74,47,10.68,Chicago,2022-09-20T08:19:00Z
68.8,74,15.73,Los Angeles,2022-09-19T08:19:00Z
76.8,73,8.37,Phoenix,2022-09-18T08:19:00Z
71.09,63,11.13,Chicago,2022-09-17T08:19:00Z
97.44,32,4.68,Houston,2022-09-16T08:19:00Z
97.95,50,13.04,Phoenix,2022-09-15T08:19:00Z
57.16,36,5.93,Los Angeles,2022-09-14T08:19:00Z
60.08,85,7.71,New York,2022-09-13T08:19:00Z
84.86,43,3.12,Phoenix,2022-09-12T08:19:00Z
62.83,33,9.75,New York,2022-09-11T08:19:00Z
92.87,51,18.36,Phoenix,2022-09-10T08:19:00Z
62.45,63,8.66,Phoenix,2022-09-09T08:19:00Z
96.3,67,10.31,Los Angeles,2022-09-08T08:19:00Z
84.43,85,4.12,Houston,2022-09-07T08:19:00Z
81.9,82,16.47,Los Angeles,2022-09-06T08:19:00Z
65.73,47,1.2,New York,2022-09-05T08:19:00Z
52.79,86,14.87,Los Angeles,2022-09-04T08:19:00Z
81.89,32,8.95,Los Angeles,2022-09-03T08:19:00Z
95.26,55,11.5,Phoenix,2022-09-02T08:19:00Z
71.57,36,17.22,New York,2022-09-01T08:19:00Z
93.45,32,14.98,Chicago,2022-08-31T08:19:00Z
66.76,58,6.95,Houston,2022-08-30T08:19:00Z
79.49,66,3.63,Houston,2022-08-29T08:19:00Z
57.35,84,3.4,Chicago,2022-08-28T08:19:00Z
93.08,61,4.58,New York,2022-08-27T08:19:00Z
99.13,74,12.6,Los Angeles,2022-08-26T08:19:00Z
70.57,31,13.44,Los Angeles,2022-08-25T08:19:00Z
69.86,73,10.58,New York,2022-08-24T08:19:00Z
96.06,39,1.32,Houston,2022-08-23T08:19:00Z
82.86,65,3.18,New York,2022-08-22T08:19:00Z
59.66,41,10.39,Los Angeles,2022-08-21T08:19:00Z
66.43,54,18.8,Houston,2022-08-20T08:19:00Z
96.14,57,13.49,Los Angeles,2022-08-19T08:19:00Z
84.41,36,10.34,Los Angeles,2022-08-18T08:19:00Z
72.11,42,16.04,New York,2022-08-17T08:19:00Z
63.99,47,6.64,Chicago,2022-08-16T08:19:00Z
70.57,61,17.71,Chicago,2022-08-15T08:19:00Z
51.29,82,8.71,Houston,2022-08-14T08:19:00Z
79.45,89,7.14,New York,2022-08-13T08:19:00Z
82.8,30,9.24,Los Angeles,2022-08-12T08:19:00Z
84.57,55,4.83,New York,2022-08-11T08:19:00Z
67.43,51,7.66,Chicago,2022-08-10T08:19:00Z
72.72,43,7.34,Phoenix,2022-08-09T08:19:00Z
97.15,63,4.51,New York,2022-08-08T08:19:00Z
96.52,86,8.36,Chicago,2022-08-07T08:19:00Z
99.05,69,5.66,New York,2022-08-06T08:19:00Z
65.11,85,7.12,Chicago,2022-08-05T08:19:00Z
75.73,49,14.62,Houston,2022-08-04T08:19:00Z
99.25,30,12.02,Phoenix,2022-08-03T08:19:00Z
50.48,61,17.94,Chicago,2022-08-02T08:19:00Z
89.96,84,15.46,Houston,2022-08-01T08:19:00Z
51.67,55,5.85,Los Angeles,2022-07-31T08:19:00Z
97.04,76,3.0,Los Angeles,2022-07-30T08:19:00Z
71.86,73,16.44,New York,2022-07-29T08:19:00Z
90.33,88,13.44,Houston,2022-07-28T08:19:00Z
75.27,53,7.19,Los Angeles,2022-07-27T08:19:00Z
58.01,42,9.49,Chicago,2022-07-26T08:19:00Z
50.49,42,16.98,Chicago,2022-07-25T08:19:00Z
92.95,74,5.66,Los Angeles,2022-07-24T08:19:00Z
94.38,84,7.93,Phoenix,2022-07-23T08:19:00Z
53.86,39,8.66,Los Angeles,2022-07-22T08:19:00Z
92.11,61,13.67,Houston,2022-07-21T08:19:00Z
50.09,40,7.7,Los Angeles,2022-07-20T08:19:00Z
80.85,73,13.79,Los Angeles,2022-07-19T08:19:00Z
84.32,35,12.51,Los Angeles,2022-07-18T08:19:00Z
84.91,56,12.66,Houston,2022-07-17T08:19:00Z
58.88,76,5.91,Houston,2022-07-16T08:19:00Z
77.26,36,12.02,Los Angeles,2022-07-15T08:19:00Z
58.49,57,6.49,New York,2022-07-14T08:19:00Z
80.63,83,6.1,New York,2022-07-13T08:19:00Z
86.42,65,4.98,New York,2022-07-12T08:19:00Z
59.05,36,17.84,Houston,2022-07-11T08:19:00Z
